firstName,lastName
John,Doe
Jane,Smith
Michael,Johnson
Emily,Davis
Robert,Brown
Sarah,Wilson
David,Clark
Lisa,Anderson
James,Taylor
Michelle,Lee
Thomas,White
Kelly,Moore
William,Jackson
Amanda,Harris
Christopher,Martin
Jennifer,Thompson
Daniel,Garcia
Laura,Martinez
Matthew,Robinson
Jessica,Lewis
Brian,Walker
Megan,Hall
Anthony,Young
Rachel,Allen
Steven,King
Patricia,Wright
Mark,Miller
Linda,Turner
Andrew,Nelson
Susan,Hill
Joseph,Parker
Deborah,Collins
Charles,Stewart
Rebecca,Cooper
Paul,Edwards
Karen,Green
George,Campbell
Nancy,Morgan
Ryan,Bell
Elizabeth,Reed
Jonathan,Phillips
Sandra,Bailey
Kevin,Cook
Margaret,Evans
Timothy,Roberts
Donna,Gray
Jason,Ward
Cynthia,Ross
Jeffrey,Howard
Carol,Long
Richard,Foster
Katherine,Perry
Gary,Price
Barbara,Bennett
Patrick,Myers
Pamela,Powell
Joshua,Russell
Ashley,James
Edward,Henderson
Kimberly,Hughes
Donald,Bryant
Brenda,Fisher
Samuel,Gonzalez
Christine,Murray
Scott,Ramirez
Heather,Butler
Larry,Sanders
Maria,Reyes
Eric,Patterson
Angela,Simmons
Ronald,Barnes
Sharon,Diaz
Stephen,Cox
Melissa,Hernandez
Kenneth,Kelly
Julie,Griffin
Peter,Gomez
Janet,Wood
Douglas,Watson
Cheryl,Flores
Gregory,Mitchell
Ann,Carter
Terry,Rogers
Kathleen,Peters
Raymond,Sullivan
Diane,Hamilton
Jerry,Alexander
Stephanie,Lopez
Albert,Jenkins
Judith,Coleman
Keith,Richardson
Joyce,Brooks
Frank,West
Lori,Chavez
Henry,Cruz
Virginia,Graham
Walter,Hunter
Joan,Ortiz
Bruce,Duncan
Shirley,Webb
Philip,Spencer
Marilyn,Ford
Arthur,Gibson
Jean,Hansen
Carl,Morales
Tina,Palmer
Randy,Freeman
Robin,Gardner
Bobby,Ruiz
Carolyn,Hicks
Gerald,Olson
Wendy,Gilbert
Roy,Dean
Ellen,Hawkins
Todd,Kennedy
Alice,Stone
Billy,Black
Tracy,Hart
Harry,Shaw
Sally,Ferguson
Joe,Dunn
Beverly,Payne
Victor,Lane
Denise,Simpson
Eugene,Mason
Anne,Stevens
Ralph,Warren
Theresa,Rice
Mildred,Harrison
Fred,Ryan
Betty,Cunningham
Louis,Hudson
Irene,Owens
Craig,Bishop
Gloria,Holmes
Jack,Hale
Ruby,Lynch
Jesse,Pierce
Lois,Hoffman
Harold,Lawrence
Doris,Bradley
Earl,Kim
Lillian,Snyder
Wayne,George
Norma,Mills
Russell,Day
Sylvia,Fields
Adam,Fox
Rose,Armstrong
Stan,Fowler
Connie,Williamson
Marvin,Boyd
Paula,Henry
Leonard,Burke
Frances,Daniels
Dale,Jordan
Gladys,Harper
Allen,Porter
Evelyn,Fuller
Jacob,Knight
Hazel,Stephens
Edwin,Arnold
Clara,Willis
Rodney,Washington
Joanne,Berry
Neil,Crawford
Lynn,Rivera
Roger,Wallace
Janice,Kingston
Stanley,Pearson
Phyllis,Grant
Dean,Andrews
Peggy,Mcdonald
Calvin,Horton
Emma,Sharp
Darrell,Bates
Caroline,Newton
Melvin,Barrett
Vicki,Elliott
Clayton,Wheeler
Maureen,Holloway
Jim,Goodman
Judy,May
Brent,Hubbard
Grace,Thornton
Lester,Davidson
Sue,Ellis
Ben,Marshall
Kay,Morton
Ross,Hopkins
Clyde,Potter